,Player,Time,dateSet,time,monthSet
0,Niftski,4m 55s 430ms,2020-11-13,295.43,2020-11-01
1,Kosmic,4m 55s 646ms,2020-01-17,295.646,2020-01-01
2,tavenwebb2002,4m 55s 746ms,2019-08-02,295.746,2019-08-01
3,eddiecatgaming,4m 55s 763ms,2020-09-21,295.763,2020-09-01
4,somewes,4m 55s 796ms,2018-10-22,295.796,2018-10-01
5,Tree_05,4m 55s 879ms,2020-09-13,295.879,2020-09-01
6,LeonToast,4m 55s 929ms,2020-05-03,295.929,2020-05-01
7,Miniland,4m 55s 929ms,2020-11-28,295.929,2020-11-01
8,GTAce99,4m 56s 062ms,2020-10-28,296.062,2020-10-01
9,Nolmy,4m 56s 146ms,2020-09-11,296.146,2020-09-01
10,DJ___AJ,4m 56s 162ms,2020-10-26,296.162,2020-10-01
11,Lul_ecks_dee,4m 56s 245ms,2020-05-06,296.245,2020-05-01
12,RoyLT,4m 56s 279ms,2019-01-12,296.279,2019-01-01
13,Thelxinoe,4m 56s 495ms,2020-04-01,296.495,2020-04-01
14,scalpel,4m 56s 512ms,2020-11-14,296.512,2020-11-01
15,darbian,4m 56s 528ms,2017-10-20,296.528,2017-10-01
16,AndrewG,4m 56s 695ms,2019-01-11,296.695,2019-01-01
17,JeremyMKW,4m 56s 778ms,2020-11-26,296.778,2020-11-01
18,iBall1,4m 56s 844ms,2020-07-12,296.844,2020-07-01
19,jtknott,4m 56s 861ms,2019-10-12,296.861,2019-10-01
20,LeKukie,4m 56s 878ms,2020-10-17,296.878,2020-10-01
21,SmiithTV,4m 56s 894ms,2020-12-11,296.894,2020-12-01
22,Tecate,4m 56s 911ms,2018-11-14,296.911,2018-11-01
23,jscarbo99,4m 56s 944ms,2020-07-15,296.944,2020-07-01
24,Spiker,4m 56s 944ms,2020-11-11,296.944,2020-11-01
25,youtubeman06,4m 56s 961ms,2019-01-04,296.961,2019-01-01
26,Scrimsion,4m 56s 961ms,2020-03-03,296.961,2020-03-01
27,mav6771,4m 56s 961ms,2020-10-22,296.961,2020-10-01
28,StuckInAPlate,4m 56s 978ms,2017-07-31,296.978,2017-07-01
29,Alvaca,4m 56s 978ms,2020-10-11,296.978,2020-10-01
30,AdamFerrari64,4m 57s 194ms,2020-12-12,297.194,2020-12-01
31,KingOf_JonnyBoy,4m 57s 277ms,2019-04-23,297.277,2019-04-01
32,minertyler100,4m 57s 277ms,2020-04-24,297.277,2020-04-01
33,sweatypiranha,4m 57s 317ms,2020-06-26,297.317,2020-06-01
34,Brandon_Lepetrie42,4m 57s 344ms,2020-11-20,297.344,2020-11-01
35,threecreepio,4m 57s 377ms,2020-09-30,297.377,2020-09-01
36,goofychocobo,4m 57s 443ms,2019-01-18,297.443,2019-01-01
37,SoloQ,4m 57s 593ms,2017-10-23,297.593,2017-10-01
38,darG,4m 57s 627ms,2018-12-27,297.627,2018-12-01
39,Kriller37,4m 57s 627ms,2020-06-09,297.627,2020-06-01
40,Nebula_Composer,4m 57s 627ms,2020-06-25,297.627,2020-06-01
41,CaptainSpeedruns,4m 57s 643ms,2019-06-07,297.643,2019-06-01
42,HitzCritz,4m 57s 643ms,2020-01-27,297.643,2020-01-01
43,Flynntendo,4m 57s 643ms,2020-12-06,297.643,2020-12-01
44,ImDangerous20,4m 57s 660ms,2019-04-22,297.66,2019-04-01
45,Avid_Ames,4m 57s 676ms,2017-06-10,297.676,2017-06-01
46,MrTim131,4m 57s 676ms,2018-11-16,297.676,2018-11-01
47,Saradoc,4m 57s 693ms,2014-06-25,297.693,2014-06-01
48,AD2,4m 57s 710ms,2017-05-07,297.71,2017-05-01
49,TheCrit,4m 57s 726ms,2020-04-24,297.726,2020-04-01
50,Glitchman24,4m 57s 743ms,2020-01-02,297.743,2020-01-01
51,smythe,4m 57s 743ms,2020-12-03,297.743,2020-12-01
52,Sten,4m 57s 776ms,2017-05-05,297.776,2017-05-01
53,pacoistaco459,4m 57s 793ms,2019-07-17,297.793,2019-07-01
54,TheHaxor,4m 57s 793ms,2020-11-27,297.793,2020-11-01
55,LiQuify,4m 57s 810ms,2020-08-12,297.81,2020-08-01
56,COOLKID,4m 57s 843ms,2018-08-29,297.843,2018-08-01
57,bissmark,4m 57s 843ms,2019-10-27,297.843,2019-10-01
58,xeroxfiend,4m 57s 893ms,2019-01-18,297.893,2019-01-01
59,DaniÃ«lHarteveld,4m 57s 893ms,2020-02-24,297.893,2020-02-01
60,rcd333,4m 57s 926ms,2018-01-16,297.926,2018-01-01
61,nostaljake,4m 57s 926ms,2019-05-28,297.926,2019-05-01
62,winbag4,4m 57s 926ms,2020-03-11,297.926,2020-03-01
63,MaestroBrau,4m 57s 976ms,2017-05-28,297.976,2017-05-01
64,SuperSonic,4m 57s 976ms,2018-05-18,297.976,2018-05-01
65,lucandor158,4m 57s 976ms,2019-10-27,297.976,2019-10-01
66,Validusername16,4m 57s 976ms,2020-10-28,297.976,2020-10-01
67,EthanRTA,4m 57s 993ms,2018-03-19,297.993,2018-03-01
68,gunlap,4m 57s 993ms,2018-11-01,297.993,2018-11-01
69,SteeleDude42,4m 58s 000ms,2020-07-08,298.0,2020-07-01
70,Akrua,4m 58s 009ms,2020-04-03,298.009,2020-04-01
71,NathanAlmighty,4m 58s 026ms,2020-07-23,298.026,2020-07-01
72,GreenDeathFlavor,4m 58s 059ms,2018-03-24,298.059,2018-03-01
73,Summoningsalt,4m 58s 076ms,2018-06-12,298.076,2018-06-01
74,sad_david,4m 58s 076ms,2018-08-10,298.076,2018-08-01
75,tjk,4m 58s 076ms,2019-08-14,298.076,2019-08-01
76,Johnny__Mandarino,4m 58s 092ms,2020-12-03,298.092,2020-12-01
77,Bildozer23,4m 58s 109ms,2018-09-05,298.109,2018-09-01
78,zsjetu9,4m 58s 159ms,2019-01-22,298.159,2019-01-01
79,periwinkle,4m 58s 292ms,2020-11-27,298.292,2020-11-01
80,Arcus,4m 58s 342ms,2017-07-27,298.342,2017-07-01
81,player123,4m 58s 359ms,2020-11-05,298.359,2020-11-01
82,Sawyer0622,4m 58s 375ms,2020-11-13,298.375,2020-11-01
83,Bazippo,4m 58s 392ms,2020-04-06,298.392,2020-04-01
84,hidaryP,4m 58s 409ms,2018-03-30,298.409,2018-03-01
85,doctor_mustache,4m 58s 409ms,2020-03-25,298.409,2020-03-01
86,KoRLKiller,4m 58s 409ms,2020-07-01,298.409,2020-07-01
87,Carter44,4m 58s 458ms,2019-08-08,298.458,2019-08-01
88,samm_1703,4m 58s 492ms,2020-11-24,298.492,2020-11-01
89,Xein64,4m 58s 508ms,2018-02-18,298.508,2018-02-01
90,caleb2112,4m 58s 508ms,2020-03-26,298.508,2020-03-01
91,Pladask,4m 58s 508ms,2020-07-18,298.508,2020-07-01
92,Flamedemon612,4m 58s 508ms,2020-11-29,298.508,2020-11-01
93,lackattack24,4m 58s 525ms,2017-06-07,298.525,2017-06-01
94,PMniac,4m 58s 525ms,2019-03-03,298.525,2019-03-01
95,DaDonch44,4m 58s 575ms,2020-11-04,298.575,2020-11-01
96,shar,4m 58s 608ms,2020-02-12,298.608,2020-02-01
97,Losalexanderos421,4m 58s 625ms,2020-02-17,298.625,2020-02-01
98,Mars02,4m 58s 658ms,2020-04-20,298.658,2020-04-01
99,Joshua69yt,4m 58s 691ms,2020-11-29,298.691,2020-11-01
100,mPap,4m 58s 708ms,2018-04-03,298.708,2018-04-01
101,Phideee,4m 58s 708ms,2020-08-08,298.708,2020-08-01
102,Philhcks,4m 58s 741ms,2019-05-30,298.741,2019-05-01
103,Morbster,4m 58s 758ms,2019-12-12,298.758,2019-12-01
104,Skippypenutbudder,4m 58s 758ms,2020-03-28,298.758,2020-03-01
105,mammaru339,4m 58s 775ms,2020-01-13,298.775,2020-01-01
106,moistgoolash,4m 58s 791ms,2017-06-03,298.791,2017-06-01
107,Equanimity,4m 58s 825ms,2017-10-30,298.825,2017-10-01
108,Eigensystem,4m 58s 841ms,2017-04-22,298.841,2017-04-01
109,Pouilli,4m 58s 858ms,2017-10-23,298.858,2017-10-01
110,ohon,4m 58s 891ms,2017-03-20,298.891,2017-03-01
111,sadler,4m 58s 891ms,2018-01-02,298.891,2018-01-01
112,SomeBro,4m 58s 891ms,2018-02-23,298.891,2018-02-01
113,robjbeasley,4m 58s 891ms,2020-09-09,298.891,2020-09-01
114,Demo,4m 58s 924ms,2017-02-06,298.924,2017-02-01
115,burgerlands2,4m 58s 941ms,2018-03-28,298.941,2018-03-01
116,OutOfLock,4m 58s 958ms,2020-06-10,298.958,2020-06-01
117,Darpey,4m 58s 991ms,2018-01-28,298.991,2018-01-01
118,LarviStar,4m 58s 991ms,2020-03-23,298.991,2020-03-01
119,Pallidus,4m 59s 008ms,2016-10-16,299.008,2016-10-01
120,PanchoMTP,4m 59s 008ms,2020-06-18,299.008,2020-06-01
121,B1GEY3DPYTH0N,4m 59s 024ms,2019-11-26,299.024,2019-11-01
122,_Zero,4m 59s 024ms,2020-11-09,299.024,2020-11-01
123,trance1215,4m 59s 057ms,2020-12-05,299.057,2020-12-01
124,MixMastaPJ,4m 59s 091ms,2020-08-24,299.091,2020-08-01
125,luigi100,4m 59s 141ms,2019-06-23,299.141,2019-06-01
126,SlyRavenxD,4m 59s 157ms,2018-11-29,299.157,2018-11-01
127,Giffi,4m 59s 174ms,2020-08-05,299.174,2020-08-01
128,bt_21_cub,4m 59s 191ms,2020-07-30,299.191,2020-07-01
129,skyehoppers,4m 59s 224ms,2019-03-28,299.224,2019-03-01
130,Lui,4m 59s 274ms,2017-10-04,299.274,2017-10-01
131,Beastworm,4m 59s 274ms,2018-09-09,299.274,2018-09-01
132,devinbrodie25,4m 59s 307ms,2018-12-18,299.307,2018-12-01
133,OfficialFern,4m 59s 324ms,2019-12-24,299.324,2019-12-01
134,QDog422,4m 59s 324ms,2020-07-11,299.324,2020-07-01
135,Perfect_Fin,4m 59s 324ms,2020-08-02,299.324,2020-08-01
136,pokefantom,4m 59s 390ms,2016-11-13,299.39,2016-11-01
137,IluvMario,4m 59s 424ms,2018-07-19,299.424,2018-07-01
138,TwisterCuber,4m 59s 440ms,2020-03-03,299.44,2020-03-01
139,DoorTK,4m 59s 473ms,2017-07-09,299.473,2017-07-01
140,Kirua,4m 59s 473ms,2017-12-12,299.473,2017-12-01
141,ryukahr,4m 59s 490ms,2019-11-21,299.49,2019-11-01
142,TheRudyyy,4m 59s 507ms,2020-05-05,299.507,2020-05-01
143,mariorunner2020,4m 59s 523ms,2018-07-20,299.523,2018-07-01
144,Dayphid,4m 59s 523ms,2018-12-23,299.523,2018-12-01
145,Chambers_N,4m 59s 523ms,2019-07-04,299.523,2019-07-01
146,hirexen,4m 59s 557ms,2019-08-23,299.557,2019-08-01
147,Simplistic_Memes,4m 59s 557ms,2020-11-01,299.557,2020-11-01
148,GameGlitchGuy,4m 59s 573ms,2016-06-08,299.573,2016-06-01
149,pensrock_12,4m 59s 590ms,2020-12-05,299.59,2020-12-01
150,FlibidyDibidy,4m 59s 607ms,2020-11-24,299.607,2020-11-01
151,Toad22484,4m 59s 623ms,2019-06-07,299.623,2019-06-01
152,Thumopolis,4m 59s 656ms,2019-03-28,299.656,2019-03-01
153,yelsraek,4m 59s 656ms,2020-01-18,299.656,2020-01-01
154,Ribb95,4m 59s 690ms,2018-10-26,299.69,2018-10-01
155,stovul,4m 59s 690ms,2020-11-28,299.69,2020-11-01
156,Vexerous,4m 59s 706ms,2020-07-13,299.706,2020-07-01
157,LoopieYT,4m 59s 756ms,2020-10-28,299.756,2020-10-01
158,nickj109,4m 59s 790ms,2015-07-15,299.79,2015-07-01
159,HorseDad,4m 59s 790ms,2018-04-26,299.79,2018-04-01
160,lokiwider,4m 59s 790ms,2020-04-26,299.79,2020-04-01
161,TheMightyGiantDad,4m 59s 800ms,2020-09-07,299.8,2020-09-01
162,dram55,4m 59s 806ms,2016-07-16,299.806,2016-07-01
163,KJSH12,4m 59s 840ms,2017-06-26,299.84,2017-06-01
164,bloogbae,4m 59s 840ms,2018-02-16,299.84,2018-02-01
165,MyLittleWalrus,4m 59s 840ms,2018-07-16,299.84,2018-07-01
166,ZV_Zola,4m 59s 840ms,2020-07-06,299.84,2020-07-01
167,Xaby,4m 59s 840ms,2020-12-04,299.84,2020-12-01
168,dylan_linder,4m 59s 840ms,2020-12-17,299.84,2020-12-01
169,Johny_Mandarino,4m 59s 856ms,2018-11-13,299.856,2018-11-01
170,TwitchName,4m 59s 856ms,2020-05-19,299.856,2020-05-01
171,Novawolf,4m 59s 873ms,2019-10-24,299.873,2019-10-01
172,Weegee,4m 59s 880ms,2017-11-07,299.88,2017-11-01
173,Dangers,4m 59s 906ms,2020-02-02,299.906,2020-02-01
174,zorilla33,4m 59s 923ms,2020-05-25,299.923,2020-05-01
175,RedPepper,4m 59s 939ms,2018-09-11,299.939,2018-09-01
176,esmo88,4m 59s 939ms,2019-06-17,299.939,2019-06-01
177,PGHGuitarGuy,4m 59s 939ms,2020-08-08,299.939,2020-08-01
178,GasterStreams,4m 59s 939ms,2020-12-05,299.939,2020-12-01
179,NicroVeda,4m 59s 956ms,2018-08-03,299.956,2018-08-01
180,SuperMegaDav,4m 59s 956ms,2018-10-27,299.956,2018-10-01
181,Widmee,4m 59s 956ms,2019-07-02,299.956,2019-07-01
182,SladeDaddy,4m 59s 973ms,2020-11-26,299.973,2020-11-01
183,LtKuchu,4m 59s 989ms,2019-12-30,299.989,2019-12-01
184,dubiousdinobot,4m 59s 989ms,2020-07-08,299.989,2020-07-01
185,alextreme20,5m 00s 023ms,2018-08-22,300.023,2018-08-01
186,PhistaCooter,5m 00s 039ms,2017-10-25,300.039,2017-10-01
187,Broran01,5m 00s 056ms,2018-12-03,300.056,2018-12-01
188,Mushroomanic,5m 00s 072ms,2020-07-22,300.072,2020-07-01
189,LopsiderLB,5m 00s 083ms,2018-10-29,300.083,2018-10-01
190,sweets,5m 00s 139ms,2020-02-27,300.139,2020-02-01
191,repusoiram,5m 00s 256ms,2020-01-29,300.256,2020-01-01
192,JMott371,5m 00s 300ms,2019-04-15,300.3,2019-04-01
193,JarlCarl,5m 00s 339ms,2018-06-18,300.339,2018-06-01
194,evadecaptcha,5m 00s 389ms,2020-06-14,300.389,2020-06-01
195,Jackson_D77,5m 00s 396ms,2018-02-17,300.396,2018-02-01
196,gamestabled,5m 00s 439ms,2017-04-23,300.439,2017-04-01
197,10ooki,5m 00s 439ms,2017-07-16,300.439,2017-07-01
198,electricpants,5m 00s 439ms,2020-11-28,300.439,2020-11-01
199,maestrocc,5m 00s 472ms,2018-03-11,300.472,2018-03-01
200,Neycza,5m 00s 522ms,2019-05-16,300.522,2019-05-01
201,Allenbot,5m 00s 555ms,2020-04-18,300.555,2020-04-01
202,yeabruh,5m 00s 555ms,2020-12-03,300.555,2020-12-01
203,crasyfingers,5m 00s 572ms,2017-06-02,300.572,2017-06-01
204,Schaaa,5m 00s 638ms,2016-12-08,300.638,2016-12-01
205,TigDwan,5m 00s 655ms,2019-05-18,300.655,2019-05-01
206,warpedclip,5m 00s 705ms,2019-03-13,300.705,2019-03-01
207,raymondamantius,5m 00s 705ms,2019-07-25,300.705,2019-07-01
208,LK,5m 00s 738ms,2017-04-02,300.738,2017-04-01
209,selflessscoundrel,5m 00s 821ms,2019-02-05,300.821,2019-02-01
210,baXschi,5m 01s 038ms,2020-02-24,301.038,2020-02-01
211,SouthernPretzel,5m 01s 054ms,2019-01-25,301.054,2019-01-01
212,Loven2run,5m 01s 054ms,2019-10-29,301.054,2019-10-01
213,Muhahahahaz,5m 01s 071ms,2016-02-27,301.071,2016-02-01
214,relievedliberty,5m 01s 200ms,2019-03-19,301.2,2019-03-01
215,Oknytt1,5m 01s 217ms,2020-08-15,301.217,2020-08-01
216,Bismuth,5m 01s 354ms,2018-01-10,301.354,2018-01-01
217,6regory,5m 01s 387ms,2017-05-19,301.387,2017-05-01
218,mgreen26,5m 01s 470ms,2020-12-10,301.47,2020-12-01
219,CurtsNewBrand,5m 01s 503ms,2020-12-09,301.503,2020-12-01
220,AlucardAli,5m 01s 520ms,2018-04-10,301.52,2018-04-01
221,roopert83,5m 01s 537ms,2016-10-14,301.537,2016-10-01
222,SgtRaven,5m 01s 537ms,2018-01-07,301.537,2018-01-01
223,Lemon_,5m 01s 720ms,2017-12-02,301.72,2017-12-01
224,Dickens41,5m 01s 736ms,2019-03-24,301.736,2019-03-01
225,KPeace74,5m 01s 751ms,2019-02-06,301.751,2019-02-01
226,OdiriaToo,5m 01s 752ms,2020-12-10,301.752,2020-12-01
227,The_TK,5m 01s 783ms,2018-06-13,301.783,2018-06-01
228,rossyenerich,5m 01s 850ms,2020-09-01,301.85,2020-09-01
229,Kyro,5m 02s 003ms,2018-04-02,302.003,2018-04-01
230,WeakerYouth,5m 02s 019ms,2018-04-18,302.019,2018-04-01
231,Jack_R,5m 02s 019ms,2020-05-12,302.019,2020-05-01
232,One_Street,5m 02s 150ms,2017-07-07,302.15,2017-07-01
233,BigFatBNet,5m 02s 186ms,2018-04-08,302.186,2018-04-01
234,ViruseReturns,5m 02s 202ms,2017-05-25,302.202,2017-05-01
235,SkylightFox,5m 02s 269ms,2016-08-24,302.269,2016-08-01
236,kaku52,5m 02s 302ms,2018-08-23,302.302,2018-08-01
237,JWILD,5m 02s 418ms,2010-12-21,302.418,2010-12-01
238,p_bodied,5m 02s 435ms,2017-02-25,302.435,2017-02-01
239,Camel_R.K,5m 02s 485ms,2018-04-14,302.485,2018-04-01
240,Ribena,5m 02s 502ms,2019-11-24,302.502,2019-11-01
241,dc_chunks,5m 02s 567ms,2017-03-31,302.567,2017-03-01
242,CHX42,5m 02s 618ms,2020-04-11,302.618,2020-04-01
243,SigNastyTV,5m 02s 618ms,2020-10-28,302.618,2020-10-01
244,Willster,5m 02s 633ms,2020-12-10,302.633,2020-12-01
245,Vastib,5m 02s 685ms,2019-11-03,302.685,2019-11-01
246,NatGoesFast,5m 02s 701ms,2019-10-02,302.701,2019-10-01
247,SanJorge123,5m 02s 710ms,2017-03-16,302.71,2017-03-01
248,Gietie,5m 02s 785ms,2020-10-20,302.785,2020-10-01
249,Mak_NiFiCenT,5m 02s 930ms,2017-01-04,302.93,2017-01-01
250,WolfAttacK,5m 02s 984ms,2020-05-22,302.984,2020-05-01
251,whitman_price_,5m 03s,2016-05-29,303.0,2016-05-01
252,einbert,5m 03s,2016-08-26,303.0,2016-08-01
253,Kilo,5m 03s,2017-02-05,303.0,2017-02-01
254,crashxxl,5m 03s,2017-02-27,303.0,2017-02-01
255,Marikh,5m 03s,2017-05-28,303.0,2017-05-01
256,death_taxes_n64,5m 03s,2017-08-16,303.0,2017-08-01
257,TheCherryPoint,5m 03s,2018-04-30,303.0,2018-04-01
258,CreepinAtMyDoor,5m 03s,2018-08-27,303.0,2018-08-01
259,BlackSails,5m 03s,2018-09-08,303.0,2018-09-01
260,arthurhu,5m 03s,2018-10-16,303.0,2018-10-01
261,mikromikko,5m 03s,2019-05-02,303.0,2019-05-01
262,50percentgaming,5m 03s,2020-01-14,303.0,2020-01-01
263,ospintriple,5m 03s,2020-01-19,303.0,2020-01-01
264,Ruffyluffy,5m 03s,2020-03-22,303.0,2020-03-01
265,beardylocks,5m 03s,2020-04-28,303.0,2020-04-01
266,Neptunolium,5m 03s,2020-06-19,303.0,2020-06-01
267,jepperthelepper,5m 03s,2020-07-30,303.0,2020-07-01
268,b_Zy,5m 03s,2020-08-11,303.0,2020-08-01
269,Adamj93,5m 03s,2020-08-28,303.0,2020-08-01
270,Skillet06,5m 03s,2020-12-08,303.0,2020-12-01
271,RoiPhilosophe,5m 04s,2017-02-21,304.0,2017-02-01
272,itspoots,5m 04s,2017-03-07,304.0,2017-03-01
273,St0rmL1ght,5m 04s,2017-04-24,304.0,2017-04-01
274,groove,5m 04s,2017-10-20,304.0,2017-10-01
275,Zxaos07,5m 04s,2017-11-17,304.0,2017-11-01
276,rajupieru,5m 04s,2017-11-25,304.0,2017-11-01
277,Agitato,5m 04s,2018-02-19,304.0,2018-02-01
278,JoeTG9,5m 04s,2018-05-14,304.0,2018-05-01
279,icterus440,5m 04s,2018-07-29,304.0,2018-07-01
280,pawelpredki,5m 04s,2018-08-06,304.0,2018-08-01
281,sYn,5m 04s,2018-08-08,304.0,2018-08-01
282,jnich87,5m 04s,2018-10-08,304.0,2018-10-01
283,SMFreak16,5m 04s,2019-01-05,304.0,2019-01-01
284,zdoroviy_antony,5m 04s,2019-02-01,304.0,2019-02-01
285,NigelzOne,5m 04s,2019-02-24,304.0,2019-02-01
286,SacredSpoon,5m 04s,2019-05-26,304.0,2019-05-01
287,Baddap1,5m 04s,2019-10-04,304.0,2019-10-01
288,Tomygood,5m 04s,2019-11-24,304.0,2019-11-01
289,LuiGGy,5m 04s,2019-12-30,304.0,2019-12-01
290,MurphInTheWild,5m 04s,2020-02-01,304.0,2020-02-01
291,Maxxx1008,5m 04s,2020-05-28,304.0,2020-05-01
292,ThePKing,5m 04s,2020-09-01,304.0,2020-09-01
293,Water_is_wet05,5m 04s,2020-11-10,304.0,2020-11-01
294,Porkchop7,5m 04s,2020-11-15,304.0,2020-11-01
295,Bebert5014,5m 04s,2020-11-25,304.0,2020-11-01
296,Scott Kessler,5m 05s,2006-09-14,305.0,2006-09-01
297,Blechy,5m 05s,2016-02-20,305.0,2016-02-01
298,D1sconnect,5m 05s,2017-03-15,305.0,2017-03-01
299,Zarcatus,5m 05s,2017-08-03,305.0,2017-08-01
300,Gustlik102,5m 05s,2017-08-03,305.0,2017-08-01
301,Omar,5m 05s,2018-03-17,305.0,2018-03-01
302,nalA,5m 05s,2018-07-06,305.0,2018-07-01
303,HiItsLain,5m 05s,2018-08-02,305.0,2018-08-01
304,PMYA,5m 05s,2018-09-19,305.0,2018-09-01
305,trapmix,5m 05s,2019-11-23,305.0,2019-11-01
306,turn1delver,5m 05s,2020-01-24,305.0,2020-01-01
307,Bogie,5m 05s,2020-03-10,305.0,2020-03-01
308,LeoTheFeeder,5m 05s,2020-07-03,305.0,2020-07-01
309,ethanspitzer,5m 05s,2020-07-29,305.0,2020-07-01
310,Merriam,5m 05s,2020-08-06,305.0,2020-08-01
311,NickySteingraber,5m 05s,2020-08-21,305.0,2020-08-01
312,Protonix07,5m 05s,2020-09-08,305.0,2020-09-01
313,Capt.Azure,5m 05s,2020-09-13,305.0,2020-09-01
314,Rainbow_Ride,5m 05s,2020-11-17,305.0,2020-11-01
315,mrlink2k,5m 05s,2020-12-03,305.0,2020-12-01
316,Trevor Seguin,5m 06s,2004-11-07,306.0,2004-11-01
317,aTallSkinnyKid,5m 06s,2013-09-02,306.0,2013-09-01
318,SigotuSM64,5m 06s,2015-07-08,306.0,2015-07-01
319,Akisto,5m 06s,2016-01-17,306.0,2016-01-01
320,jermz,5m 06s,2016-06-13,306.0,2016-06-01
321,faulteroyy,5m 06s,2016-10-06,306.0,2016-10-01
322,brman85,5m 06s,2016-10-22,306.0,2016-10-01
323,Jack879,5m 06s,2017-02-18,306.0,2017-02-01
324,JonsNerdRage,5m 06s,2017-10-22,306.0,2017-10-01
325,Lomiig,5m 06s,2018-01-03,306.0,2018-01-01
326,toddbob23,5m 06s,2018-03-01,306.0,2018-03-01
327,zclone,5m 06s,2018-08-09,306.0,2018-08-01
328,OldLeakyPipes,5m 06s,2018-08-23,306.0,2018-08-01
329,Mariolover,5m 06s,2019-06-22,306.0,2019-06-01
330,_RIOT_,5m 06s,2019-08-20,306.0,2019-08-01
331,md700,5m 06s,2020-02-02,306.0,2020-02-01
332,TuttiPullo,5m 06s,2020-02-05,306.0,2020-02-01
333,Exoman,5m 06s,2020-02-23,306.0,2020-02-01
334,elsiz,5m 06s,2020-02-29,306.0,2020-02-01
335,BigBurdel,5m 06s,2020-03-09,306.0,2020-03-01
336,brunob2004,5m 06s,2020-05-24,306.0,2020-05-01
337,DevRay,5m 06s,2020-07-09,306.0,2020-07-01
338,Kachi,5m 06s,2020-11-27,306.0,2020-11-01
339,zacharylawrence,5m 07s,2018-01-03,307.0,2018-01-01
340,JayPea13,5m 07s,2018-05-23,307.0,2018-05-01
341,FailmanFlo,5m 07s,2018-08-30,307.0,2018-08-01
342,TheIntCarl,5m 07s,2018-10-18,307.0,2018-10-01
343,ThePitchDoctor,5m 07s,2018-11-25,307.0,2018-11-01
344,PootsGoots,5m 07s,2019-06-24,307.0,2019-06-01
345,JSR_,5m 07s,2019-07-03,307.0,2019-07-01
346,wake911,5m 07s,2020-01-23,307.0,2020-01-01
347,kaii,5m 07s,2020-02-08,307.0,2020-02-01
348,InfiniteZone,5m 07s,2020-02-24,307.0,2020-02-01
349,JoshKeys,5m 07s,2020-04-12,307.0,2020-04-01
350,KarlsGB,5m 07s,2020-04-25,307.0,2020-04-01
351,dunklerveganer,5m 07s,2020-05-14,307.0,2020-05-01
352,VapeTheWaves,5m 07s,2020-06-03,307.0,2020-06-01
353,Faloliver,5m 07s,2020-06-12,307.0,2020-06-01
354,AlphaAngel,5m 07s,2020-08-12,307.0,2020-08-01
355,Ilthari,5m 07s,2020-11-16,307.0,2020-11-01
356,joshuatalato,5m 07s,2020-12-06,307.0,2020-12-01
357,TheTempestGames,5m 08s,2018-03-27,308.0,2018-03-01
358,TheBronzeSword,5m 08s,2018-08-23,308.0,2018-08-01
359,whataboutbrunch,5m 08s,2018-09-16,308.0,2018-09-01
360,drimys,5m 08s,2018-11-07,308.0,2018-11-01
361,Arnyew,5m 08s,2019-03-10,308.0,2019-03-01
362,MrDino023,5m 08s,2019-05-09,308.0,2019-05-01
363,PixelPerfectRuns,5m 08s,2019-08-16,308.0,2019-08-01
364,Smartball,5m 08s,2019-12-21,308.0,2019-12-01
365,Talentless_X6M,5m 08s,2020-01-16,308.0,2020-01-01
366,PKfreeze,5m 08s,2020-04-25,308.0,2020-04-01
367,VGCadet,5m 08s,2020-07-16,308.0,2020-07-01
368,Toto_Oh,5m 08s,2020-07-17,308.0,2020-07-01
369,TleeBoy2019,5m 08s,2020-07-20,308.0,2020-07-01
370,hiro_RTAenjoy,5m 08s,2020-08-08,308.0,2020-08-01
371,Xanma,5m 08s,2020-09-28,308.0,2020-09-01
372,misterlava,5m 08s,2020-11-27,308.0,2020-11-01
373,TheMexicanRunner,5m 09s,2015-06-10,309.0,2015-06-01
374,kamehamedoukenn,5m 09s,2015-12-25,309.0,2015-12-01
375,jeffsledge,5m 09s,2016-02-12,309.0,2016-02-01
376,TOGS,5m 09s,2016-04-17,309.0,2016-04-01
377,Tuck,5m 09s,2017-08-01,309.0,2017-08-01
378,BusterMan,5m 09s,2017-08-09,309.0,2017-08-01
379,Tebt_W,5m 09s,2017-08-23,309.0,2017-08-01
380,Ceriel,5m 09s,2017-12-01,309.0,2017-12-01
381,Tomatobird8,5m 09s,2017-12-07,309.0,2017-12-01
382,Crixus,5m 09s,2017-12-25,309.0,2017-12-01
383,MaxSen_G,5m 09s,2018-01-18,309.0,2018-01-01
384,Endercat,5m 09s,2019-06-22,309.0,2019-06-01
385,TheElderSpork,5m 09s,2019-06-29,309.0,2019-06-01
386,BossFighter832,5m 09s,2020-02-20,309.0,2020-02-01
387,Josito,5m 09s,2020-05-31,309.0,2020-05-01
388,rezziq,5m 09s,2020-09-05,309.0,2020-09-01
389,Antilles58,5m 09s,2020-10-20,309.0,2020-10-01
390,CatNamed_V,5m 09s,2020-10-27,309.0,2020-10-01
391,EuclidSB,5m 09s,2020-11-26,309.0,2020-11-01
392,Rkool21,5m 09s,2020-11-28,309.0,2020-11-01
393,IKnowBagu,5m 10s,2014-10-08,310.0,2014-10-01
394,gyre,5m 10s,2016-02-12,310.0,2016-02-01
395,Rayquaza911,5m 10s,2017-01-23,310.0,2017-01-01
396,Thabeast721,5m 10s,2017-02-09,310.0,2017-02-01
397,AmbidextrousRex,5m 10s,2017-04-19,310.0,2017-04-01
398,Choigogi,5m 10s,2017-06-18,310.0,2017-06-01
399,Baras441,5m 10s,2017-07-06,310.0,2017-07-01
400,flugplaz,5m 10s,2017-10-07,310.0,2017-10-01
401,54Lightning,5m 10s,2018-08-04,310.0,2018-08-01
402,MoonJi,5m 10s,2018-10-25,310.0,2018-10-01
403,RT_1,5m 10s,2018-12-30,310.0,2018-12-01
404,prawnzo,5m 10s,2019-07-06,310.0,2019-07-01
405,kiraa96,5m 10s,2020-01-18,310.0,2020-01-01
406,40wattrange,5m 10s,2020-02-07,310.0,2020-02-01
407,nad_chario,5m 10s,2020-02-23,310.0,2020-02-01
408,YiForLife,5m 10s,2020-04-09,310.0,2020-04-01
409,MarioBataliJr,5m 10s,2020-08-26,310.0,2020-08-01
410,nerphblaster27,5m 10s,2020-11-10,310.0,2020-11-01
411,SilverSleuth_99,5m 10s,2020-11-28,310.0,2020-11-01
412,Miqoou,5m 11s,2013-07-09,311.0,2013-07-01
413,PackSciences,5m 11s,2015-05-03,311.0,2015-05-01
414,Traklon,5m 11s,2016-06-05,311.0,2016-06-01
415,Leery,5m 11s,2017-04-19,311.0,2017-04-01
416,mrcab55,5m 11s,2017-06-28,311.0,2017-06-01
417,atari2.0,5m 11s,2017-09-10,311.0,2017-09-01
418,spyriel,5m 11s,2017-09-25,311.0,2017-09-01
419,gabz,5m 11s,2018-04-25,311.0,2018-04-01
420,__LoS_,5m 11s,2018-06-01,311.0,2018-06-01
421,Princedunord,5m 11s,2018-06-25,311.0,2018-06-01
422,JsCbrt,5m 11s,2018-08-17,311.0,2018-08-01
423,Chiramii,5m 11s,2018-11-08,311.0,2018-11-01
424,Ninjaguar,5m 11s,2020-06-16,311.0,2020-06-01
425,Blue_Scuti,5m 11s,2020-08-13,311.0,2020-08-01
426,Quadrales,5m 11s,2020-10-11,311.0,2020-10-01
427,djpob,5m 11s,2020-12-03,311.0,2020-12-01
428,barnowl,5m 12s,2016-05-23,312.0,2016-05-01
429,zeldacubed,5m 12s,2017-03-20,312.0,2017-03-01
430,Herman521,5m 12s,2018-07-22,312.0,2018-07-01
431,GM27,5m 12s,2018-10-26,312.0,2018-10-01
432,cantaloupeme,5m 12s,2018-10-26,312.0,2018-10-01
433,GFXS,5m 12s,2019-03-16,312.0,2019-03-01
434,Crescendo,5m 12s,2019-06-13,312.0,2019-06-01
435,aCerXT,5m 12s,2019-10-23,312.0,2019-10-01
436,Lugia2468,5m 12s,2019-11-12,312.0,2019-11-01
437,Blobritto,5m 12s,2020-06-16,312.0,2020-06-01
438,Rystor2004,5m 12s,2020-08-12,312.0,2020-08-01
439,lexicon,5m 12s,2020-09-04,312.0,2020-09-01
440,CollinAWojcik,5m 13s,2016-06-05,313.0,2016-06-01
441,PrinceKBW,5m 13s,2016-11-14,313.0,2016-11-01
442,dan4039,5m 13s,2017-01-21,313.0,2017-01-01
443,Burke22,5m 13s,2017-06-15,313.0,2017-06-01
444,alfonsdolphins,5m 13s,2017-07-06,313.0,2017-07-01
445,SherriAttacks,5m 13s,2017-07-06,313.0,2017-07-01
446,kdaymea,5m 13s,2017-10-18,313.0,2017-10-01
447,CooperJW13,5m 13s,2017-12-31,313.0,2017-12-01
448,Francesco,5m 13s,2018-05-24,313.0,2018-05-01
449,Carnageraiser1,5m 13s,2018-05-28,313.0,2018-05-01
450,bohhan,5m 13s,2018-08-25,313.0,2018-08-01
451,Okmenaut,5m 13s,2018-12-16,313.0,2018-12-01
452,Corbaine,5m 13s,2018-12-26,313.0,2018-12-01
453,FrameImperfect,5m 13s,2019-05-22,313.0,2019-05-01
454,jbrocker1,5m 13s,2019-07-28,313.0,2019-07-01
455,TEEX88,5m 13s,2019-12-10,313.0,2019-12-01
456,Liogo,5m 13s,2020-02-11,313.0,2020-02-01
457,i_like_electrons,5m 13s,2020-04-11,313.0,2020-04-01
458,Mingura666,5m 13s,2020-11-03,313.0,2020-11-01
459,soda,5m 13s,2020-11-28,313.0,2020-11-01
460,Xarnax42,5m 14s,2016-01-15,314.0,2016-01-01
461,BrandonWalsh,5m 14s,2017-02-05,314.0,2017-02-01
462,Antii85,5m 14s,2017-06-27,314.0,2017-06-01
463,ladyoliver12,5m 14s,2017-10-03,314.0,2017-10-01
464,FreddyMason,5m 14s,2018-02-10,314.0,2018-02-01
465,Mr_Emerald,5m 14s,2018-02-18,314.0,2018-02-01
466,NinWorld,5m 14s,2018-07-09,314.0,2018-07-01
467,dbarry_22,5m 14s,2019-02-18,314.0,2019-02-01
468,Qacti,5m 14s,2019-02-28,314.0,2019-02-01
469,MrMonkeyGod,5m 14s,2020-05-10,314.0,2020-05-01
470,ItzCoastal,5m 14s,2020-09-12,314.0,2020-09-01
471,Kasdac,5m 14s,2020-10-11,314.0,2020-10-01
472,CaracarnVi,5m 15s,2017-02-22,315.0,2017-02-01
473,NicoSpeedsub,5m 15s,2017-04-13,315.0,2017-04-01
474,XSuperFlareStarX,5m 15s,2017-05-26,315.0,2017-05-01
475,turmeric16,5m 15s,2017-08-04,315.0,2017-08-01
476,360Chrism,5m 15s,2017-10-18,315.0,2017-10-01
477,Shooter25,5m 15s,2018-09-15,315.0,2018-09-01
478,Adampai,5m 15s,2018-11-02,315.0,2018-11-01
479,AiSnake,5m 15s,2019-01-28,315.0,2019-01-01
480,FranLMSP,5m 15s,2019-10-16,315.0,2019-10-01
481,hourofgame,5m 15s,2019-11-01,315.0,2019-11-01
482,Cavathon,5m 15s,2020-10-29,315.0,2020-10-01
483,FishamanP,5m 16s,2013-07-24,316.0,2013-07-01
484,cryptones,5m 16s,2015-12-06,316.0,2015-12-01
485,OPB,5m 16s,2016-06-14,316.0,2016-06-01
486,Torje,5m 16s,2016-09-17,316.0,2016-09-01
487,VanillaBear35,5m 16s,2017-06-11,316.0,2017-06-01
488,Xago,5m 16s,2018-01-31,316.0,2018-01-01
489,NateCC14,5m 16s,2019-02-08,316.0,2019-02-01
490,rooslugs,5m 16s,2019-06-30,316.0,2019-06-01
491,masakermedia,5m 16s,2019-07-09,316.0,2019-07-01
492,HimFly,5m 16s,2019-08-28,316.0,2019-08-01
493,Yeriko,5m 16s,2019-11-09,316.0,2019-11-01
494,Jake1782,5m 16s,2019-12-11,316.0,2019-12-01
495,SethBling,5m 16s,2020-06-02,316.0,2020-06-01
496,Matti,5m 16s,2020-07-19,316.0,2020-07-01
497,Charles_Idiot,5m 16s,2020-08-17,316.0,2020-08-01
498,Cam Allen,5m 17s,2003-01-01,317.0,2003-01-01
499,Link130890,5m 17s,2015-09-27,317.0,2015-09-01
500,Chab0z,5m 17s,2016-03-27,317.0,2016-03-01
501,lamons,5m 17s,2016-08-21,317.0,2016-08-01
502,IsoFrieze,5m 17s,2016-12-14,317.0,2016-12-01
503,Hasauce,5m 17s,2018-12-25,317.0,2018-12-01
504,SanDiego,5m 17s,2020-02-01,317.0,2020-02-01
505,Michael12390,5m 17s,2020-04-24,317.0,2020-04-01
506,RetroTimes,5m 17s,2020-06-17,317.0,2020-06-01
507,Boz,5m 17s,2020-07-17,317.0,2020-07-01
508,LakituBro,5m 17s,2020-08-12,317.0,2020-08-01
509,Ultra_Recro,5m 17s,2020-11-04,317.0,2020-11-01
510,fattycakes,5m 18s,2015-01-30,318.0,2015-01-01
511,Astro_Mitch,5m 18s,2017-02-20,318.0,2017-02-01
512,RRHAN,5m 18s,2017-05-26,318.0,2017-05-01
513,Adam1205,5m 18s,2017-06-28,318.0,2017-06-01
514,lillp3r,5m 18s,2018-02-07,318.0,2018-02-01
515,Owen5560,5m 18s,2019-06-11,318.0,2019-06-01
516,TimeC0nsumer,5m 18s,2019-06-13,318.0,2019-06-01
517,LEITHAL,5m 18s,2019-06-22,318.0,2019-06-01
518,AnotherFunkingGamer,5m 18s,2019-10-05,318.0,2019-10-01
519,Mikachu,5m 18s,2020-03-28,318.0,2020-03-01
520,DeadmanPR,5m 18s,2020-09-14,318.0,2020-09-01
521,Superetro64,5m 18s,2020-10-14,318.0,2020-10-01
522,skolargh,5m 19s,2015-02-12,319.0,2015-02-01
523,McBobX,5m 19s,2016-09-02,319.0,2016-09-01
524,johnclake2,5m 19s,2017-11-17,319.0,2017-11-01
525,BOOTMAN,5m 19s,2018-02-19,319.0,2018-02-01
526,Egorevenge,5m 19s,2018-05-15,319.0,2018-05-01
527,Clackiam,5m 19s,2018-07-01,319.0,2018-07-01
528,TheOldThunder,5m 19s,2018-07-20,319.0,2018-07-01
529,EthanAlexE,5m 19s,2018-12-07,319.0,2018-12-01
530,TheTerrificTracy,5m 19s,2019-06-02,319.0,2019-06-01
531,wrboismbs,5m 19s,2020-01-29,319.0,2020-01-01
532,ExyPam,5m 19s,2020-06-12,319.0,2020-06-01
533,Hoofenstomper,5m 19s,2020-10-11,319.0,2020-10-01
534,TGH,5m 20s,2015-12-17,320.0,2015-12-01
535,BuzzThunder,5m 20s,2016-05-28,320.0,2016-05-01
536,ClassicJames,5m 20s,2017-02-12,320.0,2017-02-01
537,Oddimus,5m 20s,2017-12-17,320.0,2017-12-01
538,CaillouKan,5m 20s,2018-02-08,320.0,2018-02-01
539,DekuScrub32,5m 20s,2018-03-09,320.0,2018-03-01
540,Rubichron,5m 20s,2018-04-16,320.0,2018-04-01
541,zedddez,5m 20s,2018-07-11,320.0,2018-07-01
542,smewlee,5m 20s,2019-08-13,320.0,2019-08-01
543,Shining1432,5m 20s,2020-02-09,320.0,2020-02-01
544,ryanr180,5m 20s,2020-05-12,320.0,2020-05-01
545,WhicheverMirror,5m 20s,2020-10-12,320.0,2020-10-01
546,RadioGaming,5m 21s,2014-02-04,321.0,2014-02-01
547,dr4gonz0rd,5m 21s,2015-02-16,321.0,2015-02-01
548,Jimboom,5m 21s,2016-05-16,321.0,2016-05-01
549,GamerBoi,5m 21s,2016-12-02,321.0,2016-12-01
550,Master_Aaryan,5m 21s,2016-12-11,321.0,2016-12-01
551,MaxG,5m 21s,2017-05-13,321.0,2017-05-01
552,xBigNose123,5m 21s,2017-07-29,321.0,2017-07-01
553,TMLink,5m 21s,2017-09-11,321.0,2017-09-01
554,Luvbaseball58,5m 21s,2017-11-16,321.0,2017-11-01
555,Luxry,5m 21s,2017-12-24,321.0,2017-12-01
556,hitnrun66,5m 21s,2018-04-30,321.0,2018-04-01
557,chadilak,5m 21s,2018-08-10,321.0,2018-08-01
558,63617368,5m 21s,2019-02-09,321.0,2019-02-01
559,JBHJ,5m 21s,2019-02-25,321.0,2019-02-01
560,skateman222,5m 21s,2020-03-11,321.0,2020-03-01
561,jamesjmarkeyjr,5m 21s,2020-05-29,321.0,2020-05-01
562,diimii,5m 21s,2020-10-02,321.0,2020-10-01
563,ANAIM,5m 21s,2020-11-13,321.0,2020-11-01
564,SluggyElliot,5m 21s 000ms,2020-12-08,321.0,2020-12-01
565,Icegull,5m 22s,2016-09-10,322.0,2016-09-01
566,theprogrammer88,5m 22s,2017-06-26,322.0,2017-06-01
567,Coconutpies,5m 22s,2018-01-17,322.0,2018-01-01
568,RetroFreak,5m 22s,2018-05-01,322.0,2018-05-01
569,voidedifbroken,5m 22s,2019-10-15,322.0,2019-10-01
570,danishnajmi,5m 22s,2019-12-20,322.0,2019-12-01
571,Mike71250,5m 22s,2020-05-03,322.0,2020-05-01
572,g00w,5m 22s,2020-05-25,322.0,2020-05-01
573,Ben,5m 23s,2016-08-17,323.0,2016-08-01
574,Ha-DOOOOOOOU-ken,5m 23s,2016-11-12,323.0,2016-11-01
575,Genesecting,5m 23s,2016-11-29,323.0,2016-11-01
576,Diney,5m 23s,2017-06-28,323.0,2017-06-01
577,Cl4yt0n,5m 23s,2018-02-25,323.0,2018-02-01
578,Deklaration,5m 23s,2018-05-02,323.0,2018-05-01
579,brocis420,5m 23s,2019-08-07,323.0,2019-08-01
580,JonnyLink,5m 23s,2020-05-19,323.0,2020-05-01
581,vitorlol22,5m 23s,2020-09-27,323.0,2020-09-01
582,Pandabear314,5m 24s,2016-06-28,324.0,2016-06-01
583,Corbeno715,5m 24s,2017-04-13,324.0,2017-04-01
584,lubcho,5m 24s,2017-04-24,324.0,2017-04-01
585,Hypo,5m 24s,2017-05-24,324.0,2017-05-01
586,Tootoo,5m 24s,2017-07-28,324.0,2017-07-01
587,Direnta,5m 24s,2017-08-01,324.0,2017-08-01
588,conmangamer22,5m 24s,2017-09-24,324.0,2017-09-01
589,DenisLandry,5m 24s,2019-10-13,324.0,2019-10-01
590,ThePigKing,5m 24s,2020-01-31,324.0,2020-01-01
591,KilleDragon,5m 24s,2020-07-23,324.0,2020-07-01
592,Aaron Collins,5m 25s,2002-06-25,325.0,2002-06-01
593,Dugongue,5m 25s,2016-02-26,325.0,2016-02-01
594,Axodo,5m 25s,2016-09-12,325.0,2016-09-01
595,Vulajin,5m 25s,2016-12-12,325.0,2016-12-01
596,SteveNick786,5m 25s,2017-05-10,325.0,2017-05-01
597,chessjerk,5m 25s,2017-05-21,325.0,2017-05-01
598,aJanMan,5m 25s,2017-11-18,325.0,2017-11-01
599,Light,5m 25s,2018-01-05,325.0,2018-01-01
600,davidaheath,5m 25s,2018-01-31,325.0,2018-01-01
601,weedsi,5m 25s,2018-04-02,325.0,2018-04-01
602,zyzex_remix,5m 25s,2019-06-08,325.0,2019-06-01
603,imsoalone427,5m 25s,2019-07-05,325.0,2019-07-01
604,Skycloud,5m 25s,2019-11-13,325.0,2019-11-01
605,Valmerix,5m 25s,2019-11-21,325.0,2019-11-01
606,Bydeezdad707,5m 25s,2020-05-26,325.0,2020-05-01
607,bakr,5m 25s,2020-07-16,325.0,2020-07-01
608,C0RN_D4WG,5m 25s,2020-08-28,325.0,2020-08-01
609,B0SS_99,5m 25s,2020-09-23,325.0,2020-09-01
610,nesgoomba,5m 26s,2014-03-25,326.0,2014-03-01
611,TriforceTK,5m 26s,2017-01-24,326.0,2017-01-01
612,SnowyParker,5m 26s,2017-02-25,326.0,2017-02-01
613,Domocobra,5m 26s,2017-03-31,326.0,2017-03-01
614,MarthSR,5m 26s,2017-09-25,326.0,2017-09-01
615,Thesarian,5m 26s,2018-01-04,326.0,2018-01-01
616,AquaReality,5m 26s,2018-03-02,326.0,2018-03-01
617,EmberPinball,5m 26s,2018-06-11,326.0,2018-06-01
618,bloodtv_,5m 26s,2018-09-15,326.0,2018-09-01
619,rBarbaloot,5m 26s,2018-11-02,326.0,2018-11-01
620,Nokt,5m 26s,2019-02-15,326.0,2019-02-01
621,Groudontamer,5m 26s,2019-02-16,326.0,2019-02-01
622,Froopps,5m 26s,2019-03-17,326.0,2019-03-01
623,Fadz,5m 26s,2019-04-23,326.0,2019-04-01
624,ZyraxCZ,5m 26s,2019-11-30,326.0,2019-11-01
625,Dr_CorvusB,5m 26s,2020-01-29,326.0,2020-01-01
626,katie04,5m 26s,2020-06-10,326.0,2020-06-01
627,B2,5m 26s,2020-11-12,326.0,2020-11-01
628,NotEvenLion,5m 27s,2015-11-13,327.0,2015-11-01
629,Varm,5m 27s,2016-02-08,327.0,2016-02-01
630,CaptainAwesome,5m 27s,2017-05-21,327.0,2017-05-01
631,ThePez48,5m 27s,2017-06-03,327.0,2017-06-01
632,oVer.Dose,5m 27s,2017-07-03,327.0,2017-07-01
633,Sensato_Kuro,5m 27s,2017-09-15,327.0,2017-09-01
634,Berris,5m 27s,2017-11-28,327.0,2017-11-01
635,Phio,5m 27s,2017-12-25,327.0,2017-12-01
636,sultanofkubes,5m 27s,2018-01-29,327.0,2018-01-01
637,Your_Chair,5m 27s,2018-02-09,327.0,2018-02-01
638,RanoTheOne,5m 27s,2018-05-13,327.0,2018-05-01
639,SM64Mandude,5m 27s,2019-09-15,327.0,2019-09-01
640,MistahEye,5m 27s,2019-10-11,327.0,2019-10-01
641,Ryanreviewsretro,5m 27s,2020-02-19,327.0,2020-02-01
642,tennisshoesfan,5m 27s,2020-04-08,327.0,2020-04-01
643,AlphaDeltaHD,5m 27s,2020-04-21,327.0,2020-04-01
644,D_YUMASHEV,5m 27s,2020-05-17,327.0,2020-05-01
645,ThiagoFerreira44,5m 27s,2020-07-07,327.0,2020-07-01
646,chickenboss36,5m 27s,2020-11-21,327.0,2020-11-01
647,Pidipajt,5m 28s,2015-05-06,328.0,2015-05-01
648,poltoid,5m 28s,2016-09-02,328.0,2016-09-01
649,Storster,5m 28s,2017-01-10,328.0,2017-01-01
650,C_Clop,5m 28s,2017-04-09,328.0,2017-04-01
651,DGR,5m 28s,2017-06-19,328.0,2017-06-01
652,G._Walers,5m 28s,2017-07-10,328.0,2017-07-01
653,btrim,5m 28s,2018-01-15,328.0,2018-01-01
654,DriveShaftGaming,5m 28s,2018-02-17,328.0,2018-02-01
655,Almightycloth14,5m 28s,2018-02-28,328.0,2018-02-01
656,xPBestx,5m 28s,2018-04-12,328.0,2018-04-01
657,RyanGames,5m 28s,2019-04-30,328.0,2019-04-01
658,RyanWalker1,5m 28s,2019-06-11,328.0,2019-06-01
659,Mitsurugii,5m 28s,2019-12-17,328.0,2019-12-01
660,Scynor,5m 28s,2020-05-11,328.0,2020-05-01
661,Stylez_Gaming,5m 28s,2020-06-18,328.0,2020-06-01
662,Suzu_Rin,5m 29s,2015-10-24,329.0,2015-10-01
663,ThePanduhGamer,5m 29s,2016-05-24,329.0,2016-05-01
664,Cube255,5m 29s,2016-12-07,329.0,2016-12-01
665,Xadash42,5m 29s,2017-02-08,329.0,2017-02-01
666,m0a,5m 29s,2017-04-20,329.0,2017-04-01
667,Sidez,5m 29s,2017-07-28,329.0,2017-07-01
668,Skylar29,5m 29s,2017-10-14,329.0,2017-10-01
669,GreggyEggies,5m 29s,2018-01-27,329.0,2018-01-01
670,Mr.Reese,5m 29s,2018-04-15,329.0,2018-04-01
671,Danter,5m 29s,2018-05-08,329.0,2018-05-01
672,DodgemasterDooley,5m 29s,2018-10-23,329.0,2018-10-01
673,calebsmith,5m 29s,2020-06-25,329.0,2020-06-01
674,Acmlm,5m 29s,2020-10-10,329.0,2020-10-01
675,TuomasHyvonen1990,5m 30s,2012-08-26,330.0,2012-08-01
676,vayarda,5m 30s,2015-04-26,330.0,2015-04-01
677,PenguinPound,5m 30s,2017-03-04,330.0,2017-03-01
678,ThePrince_33,5m 30s,2017-06-08,330.0,2017-06-01
679,FireAzure,5m 30s,2017-07-25,330.0,2017-07-01
680,kekke2000,5m 30s,2018-01-02,330.0,2018-01-01
681,orkybork,5m 30s,2018-03-10,330.0,2018-03-01
682,gweedo767,5m 30s,2018-09-25,330.0,2018-09-01
683,mr_magnuz,5m 30s,2020-03-07,330.0,2020-03-01
684,SUNNYblue,5m 30s,2020-11-14,330.0,2020-11-01
685,Binarynova,5m 31s,2014-11-15,331.0,2014-11-01
686,b_e_n,5m 31s,2016-11-25,331.0,2016-11-01
687,Kepsert,5m 31s,2017-02-28,331.0,2017-02-01
688,buckeye729,5m 31s,2017-05-27,331.0,2017-05-01
689,Artificex,5m 31s,2018-03-26,331.0,2018-03-01
690,smartalec24,5m 31s,2018-11-28,331.0,2018-11-01
691,FlubSRC,5m 31s,2019-10-19,331.0,2019-10-01
692,AlmondFruit,5m 31s,2020-06-03,331.0,2020-06-01
693,Zennan,5m 31s,2020-11-06,331.0,2020-11-01
694,Eligiuszekk,5m 32s,2015-01-13,332.0,2015-01-01
695,Volpey,5m 32s,2016-01-16,332.0,2016-01-01
696,FitterSpace,5m 32s,2016-02-11,332.0,2016-02-01
697,LateLearner,5m 32s,2016-08-21,332.0,2016-08-01
698,Liam12221,5m 32s,2017-04-29,332.0,2017-04-01
699,JJ,5m 32s,2017-08-15,332.0,2017-08-01
700,boxer108,5m 32s,2017-12-07,332.0,2017-12-01
701,Neural89,5m 32s,2017-12-31,332.0,2017-12-01
702,Xcvazer,5m 32s,2018-01-19,332.0,2018-01-01
703,JugadorX,5m 32s,2018-01-31,332.0,2018-01-01
704,potf3613,5m 32s,2018-02-04,332.0,2018-02-01
705,louiskanak,5m 32s,2019-05-06,332.0,2019-05-01
706,Sunshinepenguin18346,5m 32s,2019-05-08,332.0,2019-05-01
707,Radberg,5m 32s,2020-02-22,332.0,2020-02-01
708,d4rk0men,5m 33s,2016-08-21,333.0,2016-08-01
709,MrCrowley22,5m 33s,2017-04-17,333.0,2017-04-01
710,Papa_Pem,5m 33s,2017-05-02,333.0,2017-05-01
711,ESPLY,5m 33s,2017-05-25,333.0,2017-05-01
712,BStar,5m 33s,2018-05-17,333.0,2018-05-01
713,Plyd823,5m 33s,2018-06-20,333.0,2018-06-01
714,stormcrow56k,5m 33s,2020-04-26,333.0,2020-04-01
715,Marques64,5m 33s,2020-07-03,333.0,2020-07-01
716,lainis,5m 33s,2020-10-25,333.0,2020-10-01
717,OldSchool_Richard,5m 34s,2016-10-21,334.0,2016-10-01
718,Spin2win,5m 34s,2017-02-03,334.0,2017-02-01
719,JuiceACD,5m 34s,2017-05-30,334.0,2017-05-01
720,color_theory,5m 34s,2017-06-11,334.0,2017-06-01
721,Smudgly,5m 34s,2018-03-16,334.0,2018-03-01
722,Mario564,5m 34s,2018-09-03,334.0,2018-09-01
723,Fintendo,5m 34s,2018-09-16,334.0,2018-09-01
724,Aknell,5m 34s,2018-10-08,334.0,2018-10-01
725,matchless,5m 34s,2018-10-31,334.0,2018-10-01
726,Parrot_Dash,5m 34s,2019-04-16,334.0,2019-04-01
727,WaffleCrumbs,5m 34s,2020-02-17,334.0,2020-02-01
728,Neeberz,5m 34s,2020-04-01,334.0,2020-04-01
729,special_k_95,5m 34s,2020-05-13,334.0,2020-05-01
730,timbo,5m 34s,2020-11-29,334.0,2020-11-01
731,Dyceron,5m 35s,2014-10-06,335.0,2014-10-01
732,DexterClaire,5m 35s,2014-11-30,335.0,2014-11-01
733,TwoGood,5m 35s,2016-04-21,335.0,2016-04-01
734,Jellyman102,5m 35s,2016-07-16,335.0,2016-07-01
735,DeMoNFLiP84,5m 35s,2016-11-19,335.0,2016-11-01
736,delaythefate,5m 35s,2017-03-28,335.0,2017-03-01
737,Stranger,5m 35s,2019-05-02,335.0,2019-05-01
738,Mik0,5m 35s,2019-05-18,335.0,2019-05-01
739,DaserBit,5m 35s,2020-07-22,335.0,2020-07-01
740,ScottyD,5m 35s,2020-07-31,335.0,2020-07-01
741,iokua84,5m 36s,2015-09-26,336.0,2015-09-01
742,OnscreenRain339,5m 36s,2018-03-12,336.0,2018-03-01
743,Banananana,5m 36s,2018-05-19,336.0,2018-05-01
744,jdlockefeller2002,5m 36s,2020-03-10,336.0,2020-03-01
745,Tashiro64,5m 37s,2014-07-21,337.0,2014-07-01
746,yunakitten,5m 37s,2016-02-07,337.0,2016-02-01
747,PeekingBoo,5m 37s,2016-06-29,337.0,2016-06-01
748,Shroki,5m 37s,2017-10-15,337.0,2017-10-01
749,Stelmach,5m 37s,2017-11-17,337.0,2017-11-01
750,Balucalli,5m 37s,2018-03-30,337.0,2018-03-01
751,SuperBigKMart,5m 37s,2020-06-18,337.0,2020-06-01
752,DanielLoveGame,5m 37s,2020-11-28,337.0,2020-11-01
753,HePPSxd,5m 38s,2017-11-06,338.0,2017-11-01
754,4,5m 38s,2018-01-15,338.0,2018-01-01
755,probablyalex,5m 38s,2018-06-24,338.0,2018-06-01
756,MihaelV,5m 38s,2020-02-03,338.0,2020-02-01
757,Apelta,5m 38s,2020-02-07,338.0,2020-02-01
758,Lolcatz34,5m 38s,2020-06-08,338.0,2020-06-01
759,dethwing,5m 39s,2013-01-01,339.0,2013-01-01
760,Edu207,5m 39s,2016-07-11,339.0,2016-07-01
761,Nandii,5m 39s,2017-04-25,339.0,2017-04-01
762,cornycows,5m 39s,2017-10-28,339.0,2017-10-01
763,2cri,5m 39s,2018-02-11,339.0,2018-02-01
764,toiletcomputer,5m 39s,2020-02-27,339.0,2020-02-01
765,thetagger79,5m 39s,2020-05-22,339.0,2020-05-01
766,goosethe,5m 39s,2020-08-18,339.0,2020-08-01
767,jag2791,5m 39s,2020-09-28,339.0,2020-09-01
768,PrestonLefevre,5m 39s,2020-11-17,339.0,2020-11-01
769,Brose,5m 39s,2020-11-27,339.0,2020-11-01
770,Zahhovak,5m 40s,2015-07-29,340.0,2015-07-01
771,grooomp,5m 40s,2016-10-31,340.0,2016-10-01
772,teapotamus,5m 40s,2017-04-22,340.0,2017-04-01
773,jo_nil,5m 40s,2017-05-23,340.0,2017-05-01
774,Rep2369,5m 40s,2017-06-07,340.0,2017-06-01
775,KnuxMaster368,5m 40s,2017-08-08,340.0,2017-08-01
776,windychan,5m 40s,2017-12-26,340.0,2017-12-01
777,riiyak,5m 40s,2018-05-07,340.0,2018-05-01
778,RVillatoro,5m 40s,2020-07-23,340.0,2020-07-01
779,tetrium,5m 40s,2020-09-29,340.0,2020-09-01
780,smartalec0624,5m 41s,2016-09-25,341.0,2016-09-01
781,gerardbanaga,5m 41s,2016-11-22,341.0,2016-11-01
782,Avijobat,5m 41s,2017-10-24,341.0,2017-10-01
783,jjg27,5m 41s,2018-03-03,341.0,2018-03-01
784,speedrunningiscool,5m 41s,2018-04-19,341.0,2018-04-01
785,jawajosh,5m 41s,2018-07-27,341.0,2018-07-01
786,573games,5m 41s,2020-05-01,341.0,2020-05-01
787,Dirtd,5m 41s,2020-05-02,341.0,2020-05-01
788,Nerepis,5m 41s,2020-09-06,341.0,2020-09-01
789,BBoyBaggens,5m 41s,2020-10-03,341.0,2020-10-01
790,WorstLiarEver,5m 42s,2017-07-18,342.0,2017-07-01
791,MattyA,5m 42s,2017-08-23,342.0,2017-08-01
792,W1thered,5m 42s,2017-09-15,342.0,2017-09-01
793,SanDimas1988,5m 42s,2018-02-04,342.0,2018-02-01
794,rly_dank_dude,5m 42s,2018-07-08,342.0,2018-07-01
795,Sparkydefay,5m 42s,2018-08-16,342.0,2018-08-01
796,Liv,5m 42s,2019-07-12,342.0,2019-07-01
797,Bro3256,5m 42s,2019-10-25,342.0,2019-10-01
798,omqwat,5m 42s,2020-07-02,342.0,2020-07-01
799,KK,5m 43s,2016-10-01,343.0,2016-10-01
800,gtm604,5m 43s,2017-06-19,343.0,2017-06-01
801,Binninja,5m 43s,2017-10-17,343.0,2017-10-01
802,GruffJosh,5m 43s,2018-02-02,343.0,2018-02-01
803,MonadoBoy_,5m 43s,2020-10-13,343.0,2020-10-01
804,KrusKader,5m 44s,2017-02-25,344.0,2017-02-01
805,Hendrix8,5m 44s,2017-04-18,344.0,2017-04-01
806,KingRhodesTn,5m 44s,2017-07-10,344.0,2017-07-01
807,ZekerMarco,5m 44s,2017-12-20,344.0,2017-12-01
808,buster__bee,5m 44s,2018-01-02,344.0,2018-01-01
809,Poli777,5m 44s,2018-05-08,344.0,2018-05-01
810,frosty884,5m 44s,2019-01-11,344.0,2019-01-01
811,ASavedFramerule,5m 44s,2019-04-05,344.0,2019-04-01
812,Astro,5m 44s,2020-09-10,344.0,2020-09-01
813,BigMaClJo,5m 44s,2020-11-02,344.0,2020-11-01
814,FranzKaiser,5m 44s 000ms,2020-12-08,344.0,2020-12-01
815,Maestro227,5m 45s,2016-10-05,345.0,2016-10-01
816,wrboismb,5m 45s,2017-03-30,345.0,2017-03-01
817,antikvn,5m 45s,2017-08-18,345.0,2017-08-01
818,Waked,5m 45s,2019-06-12,345.0,2019-06-01
819,Tiamat37,5m 45s,2019-11-24,345.0,2019-11-01
820,Term0_0,5m 45s,2020-12-06,345.0,2020-12-01
821,baseball_caniac,5m 46s,2015-08-16,346.0,2015-08-01
822,narutokyuby,5m 46s,2015-08-18,346.0,2015-08-01
823,Rappidkrill,5m 46s,2016-06-14,346.0,2016-06-01
824,WagnerBrasil,5m 46s,2017-04-12,346.0,2017-04-01
825,soba,5m 46s,2018-12-10,346.0,2018-12-01
826,ShadowMuffinMan,5m 46s,2020-09-03,346.0,2020-09-01
827,Rumbleminze,5m 46s,2020-10-03,346.0,2020-10-01
828,Luigi.B,5m 46s,2020-11-17,346.0,2020-11-01
829,Spiderweb__,5m 47s,2017-04-08,347.0,2017-04-01
830,Broodlai,5m 47s,2017-12-31,347.0,2017-12-01
831,Jabem,5m 47s,2018-04-24,347.0,2018-04-01
832,Nintendofanboy08,5m 47s,2020-06-21,347.0,2020-06-01
833,BurakSonic55,5m 47s,2020-08-17,347.0,2020-08-01
834,TechnicallyDustin,5m 47s,2020-09-02,347.0,2020-09-01
835,RetroSpeedruner,5m 47s,2020-10-04,347.0,2020-10-01
836,Boscia98,5m 48s,2016-08-06,348.0,2016-08-01
837,paradoxxic,5m 48s,2018-01-12,348.0,2018-01-01
838,Andrewwayne12.,5m 48s,2019-11-17,348.0,2019-11-01
839,RickyBoy_EA96,5m 48s,2020-05-24,348.0,2020-05-01
840,Manoel,5m 48s,2020-06-02,348.0,2020-06-01
841,Erik_Sushi,5m 48s,2020-06-04,348.0,2020-06-01
842,sabazios131,5m 49s,2015-07-30,349.0,2015-07-01
843,huxxny,5m 49s,2016-03-20,349.0,2016-03-01
844,DANNYCHEEZ,5m 49s,2017-06-08,349.0,2017-06-01
845,Ray_282,5m 49s,2017-06-17,349.0,2017-06-01
846,terminator__3000,5m 49s,2017-10-16,349.0,2017-10-01
847,evad999,5m 49s,2019-11-05,349.0,2019-11-01
848,authorblues,5m 50s,2014-03-19,350.0,2014-03-01
849,Svenne,5m 50s,2014-10-22,350.0,2014-10-01
850,Metalfan81Gaming,5m 50s,2017-04-19,350.0,2017-04-01
851,Havok0912,5m 50s,2017-08-07,350.0,2017-08-01
852,pvladim,5m 50s,2020-04-13,350.0,2020-04-01
853,Edgar3EEE,5m 50s,2020-07-31,350.0,2020-07-01
854,SkywardSamm,5m 51s,2015-03-31,351.0,2015-03-01
855,EngiRTA,5m 51s,2015-12-11,351.0,2015-12-01
856,DJNario,5m 51s,2016-06-06,351.0,2016-06-01
857,Rajsure,5m 51s,2018-01-17,351.0,2018-01-01
858,Leo1065,5m 51s,2018-02-27,351.0,2018-02-01
859,RealTPV,5m 51s,2019-07-03,351.0,2019-07-01
860,speshal,5m 51s,2019-12-22,351.0,2019-12-01
861,julienJJS,5m 51s,2020-02-28,351.0,2020-02-01
862,Ghyuty17,5m 51s,2020-08-27,351.0,2020-08-01
863,AquaBlake,5m 52s,2016-07-28,352.0,2016-07-01
864,Something,5m 52s,2016-09-08,352.0,2016-09-01
865,arcaneviper,5m 52s,2017-02-17,352.0,2017-02-01
866,Enmet,5m 52s,2017-02-23,352.0,2017-02-01
867,wanderson921,5m 52s,2017-10-20,352.0,2017-10-01
868,LF,5m 52s,2018-01-08,352.0,2018-01-01
869,snowrad16,5m 52s,2018-06-16,352.0,2018-06-01
870,KOSmIcD15,5m 52s,2018-09-17,352.0,2018-09-01
871,SilverVayne,5m 52s,2020-02-07,352.0,2020-02-01
872,iaredonutboy,5m 53s,2015-11-15,353.0,2015-11-01
873,DJS,5m 53s,2016-01-13,353.0,2016-01-01
874,Doonas,5m 53s,2017-04-13,353.0,2017-04-01
875,Javi,5m 53s,2018-06-24,353.0,2018-06-01
876,BM57,5m 53s,2019-06-12,353.0,2019-06-01
877,Hero422,5m 53s,2019-07-17,353.0,2019-07-01
878,imnotmario,5m 53s,2020-02-23,353.0,2020-02-01
879,CTConqueror,5m 54s,2013-07-12,354.0,2013-07-01
880,Contraslayer,5m 54s,2017-02-16,354.0,2017-02-01
881,Sentokoo,5m 54s,2018-02-24,354.0,2018-02-01
882,link_7777,5m 54s,2018-02-25,354.0,2018-02-01
883,Bokonon_Lives,5m 54s,2020-03-24,354.0,2020-03-01
884,Mc166,5m 54s,2020-05-06,354.0,2020-05-01
885,Contos,5m 54s,2020-09-20,354.0,2020-09-01
886,Hennikari,5m 55s,2017-03-08,355.0,2017-03-01
887,JuegAriel,5m 55s,2017-04-29,355.0,2017-04-01
888,Boplic,5m 55s,2018-03-20,355.0,2018-03-01
889,FlashTheorie,5m 55s,2018-05-18,355.0,2018-05-01
890,DGannon11,5m 55s,2020-04-15,355.0,2020-04-01
891,Kimurazaki,5m 55s,2020-05-14,355.0,2020-05-01
892,thetantalus,5m 56s,2017-01-28,356.0,2017-01-01
893,Darko,5m 57s,2016-01-17,357.0,2016-01-01
894,PeterBorah,5m 57s,2017-01-15,357.0,2017-01-01
895,BRizz879,5m 57s,2017-04-21,357.0,2017-04-01
896,maydaykc,5m 57s,2017-08-19,357.0,2017-08-01
897,Carl10101,5m 57s,2018-01-15,357.0,2018-01-01
898,Odiurd,5m 57s,2018-02-24,357.0,2018-02-01
899,Spaghetti,5m 57s,2020-09-15,357.0,2020-09-01
900,Aweglib,5m 58s,2015-10-24,358.0,2015-10-01
901,AdirondackRick,5m 58s,2017-02-06,358.0,2017-02-01
902,tocruns,5m 58s,2017-04-27,358.0,2017-04-01
903,AJJxxxx,5m 58s,2017-06-21,358.0,2017-06-01
904,schitch,5m 58s,2017-10-11,358.0,2017-10-01
905,Hayden977,5m 58s,2018-03-16,358.0,2018-03-01
906,xIceblue,5m 58s,2018-08-01,358.0,2018-08-01
907,offcenterscoreboard,5m 58s,2019-06-29,358.0,2019-06-01
908,Tibalt2K,5m 58s,2020-10-02,358.0,2020-10-01
909,Zehal,5m 59s,2014-02-09,359.0,2014-02-01
910,DownHaul,5m 59s,2018-02-16,359.0,2018-02-01
911,Jaybug,5m 59s,2018-04-10,359.0,2018-04-01
912,Shark_Eat_Fish,5m 59s,2020-04-03,359.0,2020-04-01
913,FabianUnkreativ,5m 59s,2020-06-09,359.0,2020-06-01
914,oknem,6m 01s,2019-03-10,361.0,2019-03-01
915,JPoint24,6m 02s,2016-06-29,362.0,2016-06-01
916,Kitcot,6m 02s,2017-05-27,362.0,2017-05-01
917,LilMaximum,6m 02s,2018-03-10,362.0,2018-03-01
918,obispo2,6m 02s,2019-01-29,362.0,2019-01-01
919,madezio2,6m 02s,2020-07-15,362.0,2020-07-01
920,andresfgp13,6m 02s,2020-11-14,362.0,2020-11-01
921,jackmallas,6m 03s,2020-06-06,363.0,2020-06-01
922,kingwing,6m 04s,2017-01-04,364.0,2017-01-01
923,DaltonBrown,6m 05s,2017-02-19,365.0,2017-02-01
924,ForeverInGame,6m 05s,2017-06-11,365.0,2017-06-01
925,TeeTaw,6m 05s,2018-04-04,365.0,2018-04-01
926,TanplayzGamez,6m 05s,2018-04-27,365.0,2018-04-01
927,DanyaChan,6m 05s,2020-02-28,365.0,2020-02-01
928,Elipsis,6m 06s,2017-01-24,366.0,2017-01-01
929,coulton.m,6m 06s,2017-07-07,366.0,2017-07-01
930,Twyn_o,6m 07s,2015-08-11,367.0,2015-08-01
931,Karow,6m 09s,2015-11-23,369.0,2015-11-01
932,Supermariobro,6m 09s,2017-12-14,369.0,2017-12-01
933,kingvideogamer,6m 09s,2020-02-15,369.0,2020-02-01
934,tinahacks,6m 10s,2017-04-16,370.0,2017-04-01
935,brandoncmaximum,6m 11s,2014-11-02,371.0,2014-11-01
936,DocteurPi,6m 11s,2016-06-12,371.0,2016-06-01
937,gamergirlmatty,6m 11s,2017-07-04,371.0,2017-07-01
938,ElliotEGS,6m 11s,2018-11-28,371.0,2018-11-01
939,Tod_NL,6m 11s,2019-12-24,371.0,2019-12-01
940,RetroEnderGamer,6m 12s,2017-12-21,372.0,2017-12-01
941,sambrezo,6m 12s,2018-12-09,372.0,2018-12-01
942,SamiCetin,6m 13s,2017-01-13,373.0,2017-01-01
943,Torenu,6m 13s,2018-03-05,373.0,2018-03-01
944,JoeyGamer95,6m 13s,2020-02-17,373.0,2020-02-01
945,Wannabebassist2,6m 14s,2016-10-12,374.0,2016-10-01
946,InstantTrain,6m 14s,2017-07-20,374.0,2017-07-01
947,WMD_88,6m 14s,2017-08-25,374.0,2017-08-01
948,TheOddTuber,6m 14s,2018-02-01,374.0,2018-02-01
949,YoshiBoi,6m 14s,2018-05-17,374.0,2018-05-01
950,Xatulu,6m 14s,2020-06-09,374.0,2020-06-01
951,Lightningbolt220,6m 14s,2020-06-11,374.0,2020-06-01
952,Romain909,6m 15s,2016-05-06,375.0,2016-05-01
953,chronoon,6m 15s,2018-09-18,375.0,2018-09-01
954,Bahemut,6m 16s,2016-05-28,376.0,2016-05-01
955,Ushikagu,6m 16s,2016-08-21,376.0,2016-08-01
956,Orangecheetah,6m 16s,2018-04-09,376.0,2018-04-01
957,SuperPlayer,6m 17s,2016-03-18,377.0,2016-03-01
958,Blazeingphoenix,6m 17s,2016-08-18,377.0,2016-08-01
959,TheLatestDeeds,6m 17s,2017-09-25,377.0,2017-09-01
960,smsb12,6m 17s,2020-06-18,377.0,2020-06-01
961,Firebroth,6m 18s,2017-09-25,378.0,2017-09-01
962,8_Bit_Chris,6m 19s,2015-08-29,379.0,2015-08-01
963,Playz,6m 19s,2018-05-29,379.0,2018-05-01
964,chi_galax,6m 19s,2020-07-30,379.0,2020-07-01
965,Orek,6m 19s,2020-10-31,379.0,2020-10-01
966,TheHazMan00,6m 20s,2014-01-13,380.0,2014-01-01
967,jayrock,6m 20s,2018-10-28,380.0,2018-10-01
968,pikmin6000,6m 21s,2017-02-07,381.0,2017-02-01
969,Terran2034,6m 21s,2017-07-13,381.0,2017-07-01
970,nevek,6m 21s,2018-04-18,381.0,2018-04-01
971,BinaryDragon,6m 22s,2015-09-11,382.0,2015-09-01
972,XxiIiJOSEiIixX,6m 22s,2019-07-04,382.0,2019-07-01
973,Firelemon,6m 22s,2020-04-13,382.0,2020-04-01
974,JadenGFX,6m 23s,2018-04-20,383.0,2018-04-01
975,ZeeGee_,6m 23s,2019-06-28,383.0,2019-06-01
976,MasterT1988,6m 24s,2017-02-12,384.0,2017-02-01
977,warmCabin,6m 24s,2018-09-15,384.0,2018-09-01
978,ArtismScrub,6m 24s,2019-08-18,384.0,2019-08-01
979,real_kushagra,6m 25s,2018-10-21,385.0,2018-10-01
980,Zyta,6m 26s,2018-05-06,386.0,2018-05-01
981,Unbones,6m 26s,2020-09-08,386.0,2020-09-01
982,8Brick,6m 27s,2013-11-07,387.0,2013-11-01
983,exewin,6m 27s,2018-09-28,387.0,2018-09-01
984,buckethead222,6m 27s,2018-10-04,387.0,2018-10-01
985,Asamoto,6m 28s,2017-03-19,388.0,2017-03-01
986,Puffers259,6m 28s,2017-04-15,388.0,2017-04-01
987,kewl_n_all,6m 28s,2018-02-13,388.0,2018-02-01
988,Stigmat,6m 28s,2019-02-18,388.0,2019-02-01
989,cootster,6m 29s,2020-11-03,389.0,2020-11-01
990,roni77nf,6m 30s,2016-09-24,390.0,2016-09-01
991,YoungFrick,6m 30s,2017-08-21,390.0,2017-08-01
992,GuidoChief24,6m 30s,2018-04-29,390.0,2018-04-01
993,sascha-gaming,6m 30s,2020-04-17,390.0,2020-04-01
994,PokerFacowaty,6m 32s,2017-02-03,392.0,2017-02-01
995,Spoofy,6m 32s,2017-12-03,392.0,2017-12-01
996,Jjeszse,6m 32s,2018-04-14,392.0,2018-04-01
997,Alicon,6m 32s,2018-05-21,392.0,2018-05-01
998,TemeSpeedRun,6m 32s,2020-04-13,392.0,2020-04-01
999,rshusko3,6m 33s,2015-10-04,393.0,2015-10-01
1000,MaelstromALPHA,6m 33s,2020-01-16,393.0,2020-01-01
1001,FoxyLove,6m 33s,2020-11-03,393.0,2020-11-01
1002,PixelAwesomeness,6m 34s,2020-03-25,394.0,2020-03-01
1003,JJReed,6m 36s,2019-12-15,396.0,2019-12-01
1004,sdslayer100,6m 37s,2018-03-18,397.0,2018-03-01
1005,ShesChardcore,6m 38s,2019-12-30,398.0,2019-12-01
1006,Retrogamerr80,6m 39s,2015-12-16,399.0,2015-12-01
1007,CharlieJohn,6m 40s,2018-08-16,400.0,2018-08-01
1008,NerfmasterYT,6m 41s,2017-06-05,401.0,2017-06-01
1009,austin_d3,6m 41s,2017-10-21,401.0,2017-10-01
1010,TheLegendOfPianist,6m 42s,2015-04-02,402.0,2015-04-01
1011,Dimitri5590,6m 42s,2019-11-04,402.0,2019-11-01
1012,Shadow96,6m 42s,2020-07-31,402.0,2020-07-01
1013,_VENOM_,6m 43s,2019-06-20,403.0,2019-06-01
1014,parz,6m 43s,2020-07-17,403.0,2020-07-01
1015,TheSlothKing,6m 44s,2017-02-03,404.0,2017-02-01
1016,SleepyMario,6m 44s,2017-04-14,404.0,2017-04-01
1017,ShakeDenFidgetGaming,6m 44s,2017-08-01,404.0,2017-08-01
1018,raspywalk,6m 45s,2017-11-13,405.0,2017-11-01
1019,NytAndDay,6m 45s,2019-11-17,405.0,2019-11-01
1020,navajo,6m 45s,2020-03-12,405.0,2020-03-01
1021,SMObois,6m 45s,2020-07-12,405.0,2020-07-01
1022,hisitis__,6m 46s,2017-12-13,406.0,2017-12-01
1023,MrDunlo,6m 46s,2019-07-14,406.0,2019-07-01
1024,Val0ur,6m 47s,2017-02-21,407.0,2017-02-01
1025,Dastrn,6m 48s,2017-02-26,408.0,2017-02-01
1026,xave206,6m 48s,2020-05-31,408.0,2020-05-01
1027,daveblack,6m 49s,2017-09-04,409.0,2017-09-01
1028,Blu3l1fe,6m 49s,2017-10-22,409.0,2017-10-01
1029,amourietta,6m 49s,2019-01-18,409.0,2019-01-01
1030,BlazeGamer,6m 49s,2020-05-31,409.0,2020-05-01
1031,xLunnar,6m 51s,2018-12-16,411.0,2018-12-01
1032,HUmanMustard,6m 52s,2016-08-24,412.0,2016-08-01
1033,sual3h11,6m 53s,2018-01-05,413.0,2018-01-01
1034,QuinnNoble,6m 53s,2018-08-17,413.0,2018-08-01
1035,IDontNotDoThings,6m 53s,2018-12-01,413.0,2018-12-01
1036,Dublin,6m 56s,2015-01-25,416.0,2015-01-01
1037,jmisugi,6m 56s,2020-12-05,416.0,2020-12-01
1038,PeeBee,6m 57s,2017-07-27,417.0,2017-07-01
1039,JuampaEK,6m 58s,2014-04-11,418.0,2014-04-01
1040,Evileye515,6m 58s,2017-07-22,418.0,2017-07-01
1041,PastorCam,6m 58s,2019-11-15,418.0,2019-11-01
1042,DietingHippo,6m 58s,2020-11-21,418.0,2020-11-01
1043,YoSoyHugo,7m 00s,2017-06-04,420.0,2017-06-01
1044,UltraAceCombat,7m 00s,2018-09-22,420.0,2018-09-01
1045,fifthfyre,7m 01s,2018-03-04,421.0,2018-03-01
1046,sdmx,7m 01s,2018-08-05,421.0,2018-08-01
1047,DaSmileKat,7m 01s,2020-10-31,421.0,2020-10-01
1048,NinShado,7m 02s,2019-08-06,422.0,2019-08-01
1049,_hoodie_,7m 04s,2019-08-09,424.0,2019-08-01
1050,VintageClassicGamer,7m 05s,2019-05-13,425.0,2019-05-01
1051,pedrorun,7m 09s,2018-04-21,429.0,2018-04-01
1052,esprs123,7m 09s,2018-10-05,429.0,2018-10-01
1053,seri,7m 09s,2019-12-14,429.0,2019-12-01
1054,MIT_Battery,7m 09s,2020-05-18,429.0,2020-05-01
1055,8BitSpiderByte,7m 10s,2017-01-19,430.0,2017-01-01
1056,barnaba,7m 10s,2018-02-12,430.0,2018-02-01
1057,TheCheeseball81,7m 10s,2020-03-04,430.0,2020-03-01
1058,L.Hofman,7m 11s,2017-01-25,431.0,2017-01-01
1059,xuhao95,7m 11s,2017-11-18,431.0,2017-11-01
1060,Kaiwave33x,7m 11s,2019-08-09,431.0,2019-08-01
1061,ANGEL_UNDEAD,7m 12s,2017-08-01,432.0,2017-08-01
1062,Brosa,7m 12s,2018-03-17,432.0,2018-03-01
1063,FluxTTv,7m 13s,2018-02-06,433.0,2018-02-01
1064,TendersTheLegend,7m 13s,2018-03-30,433.0,2018-03-01
1065,Mickybi,7m 15s,2017-02-09,435.0,2017-02-01
1066,Darkman_,7m 16s,2016-10-19,436.0,2016-10-01
1067,Excalendrie,7m 16s,2017-01-03,436.0,2017-01-01
1068,rkctkc,7m 19s,2018-07-02,439.0,2018-07-01
1069,DrCruse,7m 20s,2016-12-30,440.0,2016-12-01
1070,Jodosh,7m 21s,2020-10-10,441.0,2020-10-01
1071,DeliveryGuy,7m 22s,2017-07-01,442.0,2017-07-01
1072,jjbers,7m 23s,2017-07-01,443.0,2017-07-01
1073,alexmandi,7m 25s,2014-12-16,445.0,2014-12-01
1074,Hamyuiop,7m 25s,2017-05-06,445.0,2017-05-01
1075,Dark_Phantom2017,7m 25s,2017-11-11,445.0,2017-11-01
1076,Dr_Hesse,7m 25s,2018-07-14,445.0,2018-07-01
1077,jerrygetipad,7m 29s,2017-06-04,449.0,2017-06-01
1078,cathalbrian,7m 29s,2020-02-18,449.0,2020-02-01
1079,Techie81242,7m 33s,2020-09-10,453.0,2020-09-01
1080,SheepDog_81,7m 34s,2019-07-15,454.0,2019-07-01
1081,MrCurlyAlex,7m 40s,2016-12-03,460.0,2016-12-01
1082,sahil_mohanpuria,7m 40s,2016-12-14,460.0,2016-12-01
1083,Zans123456789,7m 43s,2018-01-15,463.0,2018-01-01
1084,sventheone,7m 44s,2017-01-28,464.0,2017-01-01
1085,GuizDP,7m 44s,2017-04-13,464.0,2017-04-01
1086,Chrisplayer,7m 47s,2018-11-03,467.0,2018-11-01
1087,OsmiRuns,7m 48s,2018-02-18,468.0,2018-02-01
1088,zappylogarithm,7m 49s,2020-11-25,469.0,2020-11-01
1089,SoopaPhastMan,7m 52s,2018-03-20,472.0,2018-03-01
1090,RoccoPennacchio,7m 53s,2020-09-04,473.0,2020-09-01
1091,infinitemystery,7m 54s,2018-12-09,474.0,2018-12-01
1092,SebiBn,8m 00s,2016-09-20,480.0,2016-09-01
1093,BigZeeff,8m 01s,2017-10-24,481.0,2017-10-01
1094,Wpixels,8m 08s,2020-04-18,488.0,2020-04-01
1095,Mingle13,8m 09s,2017-09-06,489.0,2017-09-01
1096,Maggitz,8m 11s,2020-09-04,491.0,2020-09-01
1097,PokemonMaster124,8m 14s,2019-08-16,494.0,2019-08-01
1098,Evan,8m 14s,2020-03-22,494.0,2020-03-01
1099,LuckySpeedruns,8m 16s,2017-06-28,496.0,2017-06-01
1100,Uriroitgrund,8m 24s,2020-11-19,504.0,2020-11-01
1101,Arch3r,8m 26s,2020-12-05,506.0,2020-12-01
1102,NikolaBV,8m 29s,2018-02-16,509.0,2018-02-01
1103,TheDoctorBlue,8m 31s,2018-12-23,511.0,2018-12-01
1104,hypermariosunshine,8m 33s,2016-08-08,513.0,2016-08-01
1105,Oscuridad,8m 34s,2016-07-11,514.0,2016-07-01
1106,synthpopisback,8m 34s,2017-08-13,514.0,2017-08-01
1107,diveswim,8m 39s,2017-02-17,519.0,2017-02-01
1108,Mikebloke,9m 03s,2017-09-25,543.0,2017-09-01
1109,dylrocks95,9m 04s,2016-07-18,544.0,2016-07-01
1110,TheOrca,9m 06s,2018-02-04,546.0,2018-02-01
1111,Finn,9m 13s,2017-02-24,553.0,2017-02-01
1112,JustLeeBelmont,9m 15s,2019-02-25,555.0,2019-02-01
1113,ThreeToadSloth,9m 15s,2019-12-03,555.0,2019-12-01
1114,LegitMeerkat,9m 18s,2017-06-28,558.0,2017-06-01
1115,Orca,9m 20s,2018-01-29,560.0,2018-01-01
1116,Mungaru,9m 25s,2016-08-14,565.0,2016-08-01
1117,Blasco,9m 28s,2019-12-16,568.0,2019-12-01
1118,Brotedo,9m 32s,2019-03-23,572.0,2019-03-01
1119,hhhhharry,9m 34s,2020-10-16,574.0,2020-10-01
1120,RamiroCanal3,9m 41s,2019-03-26,581.0,2019-03-01
1121,fireside,9m 52s,2020-06-14,592.0,2020-06-01
1122,NihilistComedyHour,10m 02s,2018-06-02,602.0,2018-06-01
1123,XerxesHD,10m 09s,2017-12-29,609.0,2017-12-01
1124,brettyoshi9,10m 25s,2017-10-14,625.0,2017-10-01
1125,trivia212005,10m 25s,2020-01-01,625.0,2020-01-01
1126,TeddyThalhuber,10m 28s,2017-06-17,628.0,2017-06-01
1127,nzjg,10m 34s,2016-11-30,634.0,2016-11-01
1128,Niamek,10m 51s,2020-06-06,651.0,2020-06-01
1129,DJTutoriales501YT,10m 59s,2017-03-30,659.0,2017-03-01
1130,ZakatakOfVA,11m 00s,2017-01-14,660.0,2017-01-01
1131,marwanee,11m 34s,2017-09-20,694.0,2017-09-01
1132,PikaTGK,11m 37s,2018-04-10,697.0,2018-04-01
1133,Gatorbox,11m 51s,2018-11-04,711.0,2018-11-01
1134,ChanceCossitt,13m 27s,2017-10-18,807.0,2017-10-01
1135,traderain,13m 37s,2016-12-12,817.0,2016-12-01
1136,abdullah,15m 00s,2017-11-07,900.0,2017-11-01
1137,Pralo_Kralo,15m 12s,2018-04-08,912.0,2018-04-01
